run_id,workflow_orchestration_framework,date_and_time,developer,system_name,n_tasks,t_min_sleep,t_max_sleep,t_workflow,t_sum_task_times,t_sum_task_times_per_unit_of_parallelism,overhead_percentage,overhead_per_task_seconds,n_threads_per_process,n_processes,n_parallelism,runner,backend_database,workflow_type,total_memory,return_size_mb
jsteeb_2025-04-29_14-29-53,prefect,2025-04-29T14:30:06.665564,jsteeb,cvpost020,64,2.0,2.0,11.9604811668396,129.05601835250854,8.066001147031784,48.282661368588435,0.9736200049519539,16,1,16,ThreadPoolTaskRunner,postgresql+asyncpg,tree_combine,251.6540641784668,10
root_2025-05-07_08-54-57,prefect,2025-05-07T08:55:07.198380,root,cordierite,48,2.0,2.0,9.755321741104126,97.13630867004395,8.094692389170328,20.515039634557446,0.41515733798344945,12,1,12,ThreadPoolTaskRunner,postgresql+asyncpg,tree_combine,18.0,10
root_2025-05-07_08-56-49,prefect,2025-05-07T08:56:58.827249,root,cordierite,48,2.0,2.0,9.60654330253601,96.68766403198242,8.057305335998535,19.227743047241486,0.3873094916343689,12,1,12,ThreadPoolTaskRunner,postgresql+asyncpg,tree_combine,18.0,10
root_2025-05-07_09-00-00,prefect,2025-05-07T09:00:09.780512,root,cordierite,48,2.0,2.0,9.60676097869873,97.00611758232117,8.083843131860098,18.839032648178172,0.38072946170965816,12,1,12,ThreadPoolTaskRunner,postgresql+asyncpg,tree_combine,18.0,10
root_2025-05-07_09-00-42,prefect,2025-05-07T09:00:52.513030,root,cordierite,48,2.0,2.0,9.781177043914795,97.32988095283508,8.110823412736258,20.594131399231497,0.41758840779463435,12,1,12,ThreadPoolTaskRunner,postgresql+asyncpg,tree_combine,18.0,10
root_2025-05-07_09-05-07,prefect,2025-05-07T09:05:17.309778,root,cordierite,48,2.0,2.0,9.897453784942627,97.23451948165894,8.102876623471579,22.14740819664836,0.4486442903677621,12,1,12,ThreadPoolTaskRunner,postgresql+asyncpg,tree_combine,18.0,10
root_2025-05-07_09-08-52,prefect,2025-05-07T09:09:01.962277,root,cordierite,48,2.0,2.0,9.59437370300293,96.94571709632874,8.078809758027395,18.759742961760125,0.3788909862438836,12,1,12,ThreadPoolTaskRunner,postgresql+asyncpg,tree_combine,18.0,10
root_2025-05-07_09-09-03,prefect,2025-05-07T09:09:13.957822,root,cordierite,48,2.0,2.0,10.417530059814453,96.43842768669128,8.036535640557608,29.62712449430066,0.5952486048142114,12,1,12,DaskTaskRunner,postgresql+asyncpg,tree_combine,18.0,10
root_2025-05-07_09-16-57,prefect,2025-05-07T09:17:07.344708,root,cordierite,48,2.0,2.0,9.760349035263062,97.54906225204468,8.129088521003723,20.06695473969229,0.4078151285648346,12,1,12,ThreadPoolTaskRunner,postgresql+asyncpg,tree_combine,18.0,10
root_2025-05-07_09-17-08,prefect,2025-05-07T09:17:19.142428,root,cordierite,48,2.0,2.0,10.385187864303589,96.4291501045227,8.035762508710226,29.23711785965232,0.5873563388983407,12,1,12,DaskTaskRunner,postgresql+asyncpg,tree_combine,18.0,10
root_2025-05-07_09-18-10,prefect,2025-05-07T09:18:20.823712,root,cordierite,48,2.0,2.0,9.721436262130737,96.80735611915588,8.067279676596323,20.50451517545902,0.41353914638360356,12,1,12,ThreadPoolTaskRunner,postgresql+asyncpg,tree_combine,18.0,10
root_2025-05-07_09-18-22,prefect,2025-05-07T09:18:32.543822,root,cordierite,48,2.0,2.0,10.166944026947021,96.35633492469788,8.029694577058157,26.616821217524933,0.5343123624722161,12,1,12,DaskTaskRunner,postgresql+asyncpg,tree_combine,18.0,10
root_2025-05-07_09-18-35,prefect,2025-05-07T09:18:45.569846,root,cordierite,48,2.0,2.0,10.431808948516846,96.28210067749023,8.023508389790853,30.015554813781016,0.6020751396814981,1,12,12,DaskTaskRunner,postgresql+asyncpg,tree_combine,18.0,10
root_2025-05-07_09-20-22,prefect,2025-05-07T09:20:24.771670,root,cordierite,5,2.0,2.0,2.2359256744384766,10.052746295928955,0.8377288579940796,166.9032650722268,3.3556723594665527,12,1,12,ThreadPoolTaskRunner,postgresql+asyncpg,tree_combine,18.0,10
root_2025-05-07_09-20-25,prefect,2025-05-07T09:20:28.499762,root,cordierite,5,2.0,2.0,2.6128649711608887,10.050714254379272,0.8375595211982727,211.9617060077995,4.2607330799102785,12,1,12,DaskTaskRunner,postgresql+asyncpg,tree_combine,18.0,10
root_2025-05-07_09-20-31,prefect,2025-05-07T09:20:34.462666,root,cordierite,5,2.0,2.0,2.567502021789551,10.048913955688477,0.837409496307373,206.60053810127124,4.152222061157226,1,12,12,DaskTaskRunner,postgresql+asyncpg,tree_combine,18.0,10
root_2025-05-07_09-25-04,prefect,2025-05-07T09:25:06.808670,root,cordierite,5,2.0,2.0,2.2227818965911865,10.051831483840942,0.8376526236534119,165.35843544505954,3.324310255050659,12,1,12,ThreadPoolTaskRunner,postgresql+asyncpg,tree_combine,18.0,10
root_2025-05-07_09-25-07,prefect,2025-05-07T09:25:10.582350,root,cordierite,5,2.0,2.0,2.665877103805542,10.06597638130188,0.83883136510849,217.80846719540006,4.384909772872924,12,1,12,DaskTaskRunner,postgresql+asyncpg,tree_combine,18.0,10
root_2025-05-07_09-25-12,prefect,2025-05-07T09:25:15.249872,root,cordierite,5,2.0,2.0,2.6714038848876953,10.033300161361694,0.8361083467801412,219.5045110092836,4.404709291458129,1,12,12,DaskTaskRunner,postgresql+asyncpg,tree_combine,18.0,10
root_2025-05-07_09-25-59,prefect,2025-05-07T09:26:01.969215,root,cordierite,5,2.0,2.0,2.265368938446045,10.063628673553467,0.8386357227961222,170.12549988843855,3.4241597175598146,12,1,12,ThreadPoolTaskRunner,postgresql+asyncpg,tree_combine,18.0,10
root_2025-05-07_09-26-03,prefect,2025-05-07T09:26:05.718979,root,cordierite,5,2.0,2.0,2.6086981296539307,10.059184312820435,0.8382653594017029,211.2019482131342,4.249038648605347,12,1,12,DaskTaskRunner,postgresql+asyncpg,tree_combine,18.0,10
root_2025-05-07_09-26-08,prefect,2025-05-07T09:26:11.242840,root,cordierite,5,2.0,2.0,2.595852851867676,10.052687883377075,0.837723990281423,209.86970433968725,4.219509267807006,1,12,12,DaskTaskRunner,postgresql+asyncpg,tree_combine,18.0,10
root_2025-05-07_09-27-44,prefect,2025-05-07T09:27:46.948669,root,cordierite,5,2.0,2.0,2.2218239307403564,10.05356216430664,0.8377968470255533,165.19841159924889,3.3216650009155275,12,1,12,ThreadPoolTaskRunner,postgresql+asyncpg,tree_combine,18.0,10
root_2025-05-07_09-27-48,prefect,2025-05-07T09:27:50.685918,root,cordierite,5,2.0,2.0,2.6540040969848633,10.058512449264526,0.8382093707720438,216.6278246854193,4.357907342910766,12,1,12,DaskTaskRunner,postgresql+asyncpg,tree_combine,18.0,10
root_2025-05-07_09-27-52,prefect,2025-05-07T09:27:55.227085,root,cordierite,5,2.0,2.0,2.666490077972412,10.026668787002563,0.8355557322502136,219.12773439915927,4.394242429733276,1,12,12,DaskTaskRunner,postgresql+asyncpg,tree_combine,18.0,10
root_2025-05-07_09-28-18,prefect,2025-05-07T09:28:20.722812,root,cordierite,6,2.0,2.0,2.2417149543762207,12.079827785491943,1.0066523154576619,122.69009070495736,2.4701252778371177,12,1,12,ThreadPoolTaskRunner,postgresql+asyncpg,tree_combine,18.0,10
root_2025-05-07_09-28-21,prefect,2025-05-07T09:28:24.658590,root,cordierite,6,2.0,2.0,2.796661138534546,12.076857566833496,1.0064047972361247,177.88630839349898,3.5805126825968423,12,1,12,DaskTaskRunner,postgresql+asyncpg,tree_combine,18.0,10
root_2025-05-07_09-28-26,prefect,2025-05-07T09:28:29.594293,root,cordierite,6,2.0,2.0,2.7732579708099365,12.078592538833618,1.0065493782361348,175.5213038499672,3.5334171851476035,1,12,12,DaskTaskRunner,postgresql+asyncpg,tree_combine,18.0,10
root_2025-05-07_09-29-03,prefect,2025-05-07T09:29:06.433842,root,cordierite,8,2.0,2.0,2.3160088062286377,16.063554525375366,1.3386295437812805,73.01342383991577,1.4660688936710358,12,1,12,ThreadPoolTaskRunner,postgresql+asyncpg,tree_combine,18.0,10
root_2025-05-07_09-29-07,prefect,2025-05-07T09:29:10.517549,root,cordierite,8,2.0,2.0,2.8672330379486084,16.106303691864014,1.3421919743220012,113.62316962124369,2.287561595439911,12,1,12,DaskTaskRunner,postgresql+asyncpg,tree_combine,18.0,10
root_2025-05-07_09-29-12,prefect,2025-05-07T09:29:15.445891,root,cordierite,8,2.0,2.0,3.011009931564331,16.062601804733276,1.3385501503944397,124.94561975709735,2.508689671754837,1,12,12,DaskTaskRunner,postgresql+asyncpg,tree_combine,18.0,10
root_2025-05-07_09-33-03,prefect,2025-05-07T09:33:05.648989,root,cordierite,8,2.0,2.0,2.347810983657837,16.106741189956665,1.3422284324963887,74.91888316589909,1.5083738267421725,12,1,12,ThreadPoolTaskRunner,postgresql+asyncpg,tree_combine,18.0,10
root_2025-05-07_09-33-07,prefect,2025-05-07T09:33:10.940632,root,cordierite,8,2.0,2.0,3.274864912033081,16.21564793586731,1.3513039946556091,142.34849634021154,2.885341376066208,12,1,12,DaskTaskRunner,postgresql+asyncpg,tree_combine,18.0,10
root_2025-05-07_09-33-13,prefect,2025-05-07T09:33:16.439566,root,cordierite,8,2.0,2.0,3.290811061859131,16.138803958892822,1.3449003299077351,144.68809983003663,2.918866097927094,1,12,12,DaskTaskRunner,postgresql+asyncpg,tree_combine,18.0,10
root_2025-05-07_09-33-55,prefect,2025-05-07T09:33:58.368440,root,cordierite,6,2.0,2.0,2.262070894241333,12.067390203475952,1.0056158502896626,124.94383850351551,2.512910087903341,12,1,12,ThreadPoolTaskRunner,postgresql+asyncpg,tree_combine,18.0,10
root_2025-05-07_09-33-59,prefect,2025-05-07T09:34:02.364164,root,cordierite,6,2.0,2.0,2.893962860107422,12.070237398147583,1.0058531165122986,187.71227255744526,3.7762194871902466,12,1,12,DaskTaskRunner,postgresql+asyncpg,tree_combine,18.0,10
root_2025-05-07_09-34-04,prefect,2025-05-07T09:34:07.709840,root,cordierite,6,2.0,2.0,3.089167833328247,12.066773414611816,1.0055644512176514,207.20734305867046,4.167206764221191,1,12,12,DaskTaskRunner,postgresql+asyncpg,tree_combine,18.0,10
root_2025-05-07_09-34-17,prefect,2025-05-07T09:34:27.966225,root,cordierite,48,2.0,2.0,10.452841997146606,96.95057392120361,8.079214493433634,29.379434171999442,0.5934068759282431,12,1,12,ThreadPoolTaskRunner,postgresql+asyncpg,tree_combine,18.0,10
root_2025-05-07_09-34-29,prefect,2025-05-07T09:34:43.772950,root,cordierite,48,2.0,2.0,14.237243175506592,96.71177220344543,8.059314350287119,76.65576197557525,1.5444822063048682,12,1,12,DaskTaskRunner,postgresql+asyncpg,tree_combine,18.0,10
root_2025-05-07_09-34-46,prefect,2025-05-07T09:35:00.581537,root,cordierite,48,2.0,2.0,14.481889963150024,96.51993179321289,8.043327649434408,80.04848980842355,1.609640578428904,1,12,12,DaskTaskRunner,postgresql+asyncpg,tree_combine,18.0,10
root_2025-05-07_09-35-08,prefect,2025-05-07T09:35:19.183787,root,cordierite,48,2.0,2.0,10.407055854797363,96.61479020118713,8.051232516765594,29.260406194034115,0.5889558345079422,12,1,12,ThreadPoolTaskRunner,postgresql+asyncpg,tree_combine,18.0,10
root_2025-05-07_09-35-20,prefect,2025-05-07T09:35:33.828973,root,cordierite,48,2.0,2.0,13.243904113769531,96.49238348007202,8.041031956672668,64.70403531700153,1.3007180392742157,12,1,12,DaskTaskRunner,postgresql+asyncpg,tree_combine,18.0,10
root_2025-05-07_09-35-35,prefect,2025-05-07T09:35:49.056592,root,cordierite,48,2.0,2.0,13.317336797714233,96.31748604774475,8.026457170645395,65.91799488345623,1.3227199067672095,1,12,12,DaskTaskRunner,postgresql+asyncpg,tree_combine,18.0,10
root_2025-05-07_09-36-09,prefect,2025-05-07T09:36:20.290153,root,cordierite,48,2.0,2.0,10.371562004089355,96.98175930976868,8.081813275814056,28.332116198819993,0.5724371820688248,12,1,12,ThreadPoolTaskRunner,postgresql+asyncpg,tree_combine,18.0,10
root_2025-05-07_09-36-21,prefect,2025-05-07T09:36:35.253551,root,cordierite,48,2.0,2.0,13.498358011245728,96.69666719436646,8.058055599530539,67.513835620992,1.3600756029287973,12,1,12,DaskTaskRunner,postgresql+asyncpg,tree_combine,18.0,10
root_2025-05-07_09-36-37,prefect,2025-05-07T09:36:50.534253,root,cordierite,48,2.0,2.0,13.35751485824585,96.61220383644104,8.051016986370087,65.91090145331157,1.3266244679689407,1,12,12,DaskTaskRunner,postgresql+asyncpg,tree_combine,18.0,10
root_2025-05-07_09-41-31,prefect,2025-05-07T09:41:40.941633,root,cordierite,48,2.0,2.0,9.563238143920898,96.66883611679077,8.055736343065897,18.713395481874326,0.37687545021375035,12,1,12,ThreadPoolTaskRunner,postgresql+asyncpg,tree_combine,18.0,10
root_2025-05-07_09-41-42,prefect,2025-05-07T09:41:52.415073,root,cordierite,48,2.0,2.0,10.122025966644287,96.44582533836365,8.037152111530304,25.940455352623847,0.5212184637784958,12,1,12,DaskTaskRunner,postgresql+asyncpg,tree_combine,18.0,10
root_2025-05-07_09-41-54,prefect,2025-05-07T09:42:05.120875,root,cordierite,48,2.0,2.0,10.559251070022583,96.25044059753418,8.020870049794516,31.647202915263506,0.6345952550570169,1,12,12,DaskTaskRunner,postgresql+asyncpg,tree_combine,18.0,10
root_2025-05-07_09-48-32,prefect,2025-05-07T09:48:43.195374,root,cordierite,48,2.0,2.0,10.57640814781189,97.16140222549438,8.096783518791199,30.62481074448788,0.6199061572551727,12,1,12,ThreadPoolTaskRunner,postgresql+asyncpg,tree_combine,18.0,10,True
root_2025-05-07_09-48-43,prefect,2025-05-07T09:48:52.876644,root,cordierite,48,2.0,2.0,9.643735885620117,96.62384486198425,8.051987071832022,19.768397534522297,0.3979372034470239,12,1,12,ThreadPoolTaskRunner,postgresql+asyncpg,tree_combine,18.0,10,False
root_2025-05-07_09-48-54,prefect,2025-05-07T09:49:07.576811,root,cordierite,48,2.0,2.0,13.346476078033447,96.52692556381226,8.043910463651022,65.92024660572444,1.3256414035956063,12,1,12,DaskTaskRunner,postgresql+asyncpg,tree_combine,18.0,10,True
root_2025-05-07_09-49-07,prefect,2025-05-07T09:49:17.153504,root,cordierite,48,2.0,2.0,9.525162935256958,96.29855799674988,8.02487983306249,18.695396484484462,0.3750707755486169,12,1,12,DaskTaskRunner,postgresql+asyncpg,tree_combine,18.0,10,False
root_2025-05-07_09-49-19,prefect,2025-05-07T09:49:33.015793,root,cordierite,48,2.0,2.0,13.599997758865356,96.30987215042114,8.025822679201761,69.45300566019975,1.3935437699158988,1,12,12,DaskTaskRunner,postgresql+asyncpg,tree_combine,18.0,10,True
root_2025-05-07_09-49-33,prefect,2025-05-07T09:49:42.824197,root,cordierite,48,2.0,2.0,9.753866910934448,96.2385025024414,8.019875208536783,21.621180595826626,0.43349792559941625,1,12,12,DaskTaskRunner,postgresql+asyncpg,tree_combine,18.0,10,False
root_2025-05-07_09-50-55,prefect,2025-05-07T09:51:06.562937,root,cordierite,48,2.0,2.0,10.448014736175537,97.028071641922,8.085672636826834,29.216395536337075,0.5905855248371759,12,1,12,ThreadPoolTaskRunner,postgresql+asyncpg,tree_combine,18.0,10,True
root_2025-05-07_09-51-06,prefect,2025-05-07T09:51:16.290573,root,cordierite,48,2.0,2.0,9.691258907318115,97.48007225990295,8.123339354991913,19.3014163733378,0.3919798880815506,12,1,12,ThreadPoolTaskRunner,postgresql+asyncpg,tree_combine,18.0,10,False
root_2025-05-07_09-51-17,prefect,2025-05-07T09:51:31.129492,root,cordierite,48,2.0,2.0,13.327668905258179,96.71945571899414,8.059954643249512,65.35662413957327,1.3169285655021667,12,1,12,DaskTaskRunner,postgresql+asyncpg,tree_combine,18.0,10,True
root_2025-05-07_09-51-31,prefect,2025-05-07T09:51:40.800647,root,cordierite,48,2.0,2.0,9.61985731124878,96.263356924057,8.021946410338083,19.91924177966869,0.399477725227674,12,1,12,DaskTaskRunner,postgresql+asyncpg,tree_combine,18.0,10,False
root_2025-05-07_09-51-42,prefect,2025-05-07T09:51:56.423782,root,cordierite,48,2.0,2.0,13.534226179122925,96.28728652000427,8.023940543333689,68.67306164634029,1.377571408947309,1,12,12,DaskTaskRunner,postgresql+asyncpg,tree_combine,18.0,10,True
root_2025-05-07_09-51-56,prefect,2025-05-07T09:52:06.508542,root,cordierite,48,2.0,2.0,10.015684127807617,96.26047134399414,8.021705945332846,24.85728342653721,0.4984945456186929,1,12,12,DaskTaskRunner,postgresql+asyncpg,tree_combine,18.0,10,False
root_2025-05-07_09-52-31,prefect,2025-05-07T09:52:41.977226,root,cordierite,48,2.0,2.0,10.360430002212524,96.9231173992157,8.076926449934641,28.271936935817482,0.5708758880694709,12,1,12,ThreadPoolTaskRunner,postgresql+asyncpg,tree_combine,18.0,10,True
root_2025-05-07_09-52-41,prefect,2025-05-07T09:52:51.542429,root,cordierite,48,2.0,2.0,9.528150081634521,96.64160585403442,8.053467154502869,18.311155913849174,0.3686707317829132,12,1,12,ThreadPoolTaskRunner,postgresql+asyncpg,tree_combine,18.0,10,False
root_2025-05-07_09-52-52,prefect,2025-05-07T09:53:06.345419,root,cordierite,48,2.0,2.0,13.448503017425537,96.71990299224854,8.059991916020712,66.85504349817239,1.3471277753512063,12,1,12,DaskTaskRunner,postgresql+asyncpg,tree_combine,18.0,10,True
root_2025-05-07_09-53-06,prefect,2025-05-07T09:53:16.576010,root,cordierite,48,2.0,2.0,9.819401025772095,96.33920526504517,8.028267105420431,22.31034290254676,0.4477834800879159,12,1,12,DaskTaskRunner,postgresql+asyncpg,tree_combine,18.0,10,False
root_2025-05-07_09-53-18,prefect,2025-05-07T09:53:31.955178,root,cordierite,48,2.0,2.0,13.38704228401184,96.2981960773468,8.024849673112234,66.81985120376737,1.3405481527249017,1,12,12,DaskTaskRunner,postgresql+asyncpg,tree_combine,18.0,10,True
root_2025-05-07_09-53-31,prefect,2025-05-07T09:53:42.251757,root,cordierite,48,2.0,2.0,10.24681806564331,96.26809287071228,8.022341072559357,27.72852678494112,0.5561192482709885,1,12,12,DaskTaskRunner,postgresql+asyncpg,tree_combine,18.0,10,False
